route,status
contact-us,imported
new-articles,imported
moles-voles-removal,imported
gopher-removal,imported
service/flea-control,imported
service/fumigation-services,imported
service/home-pest-inspection,imported
service/mosquito-control,imported
service/spider-exterminator,imported
service/termite-treatment,imported
service/wasp-hornet-elimination,imported
service/wildlife-removal,imported
service/rodent-control,imported
service/commercial-pest-control,imported
service/cockroach-extermination,imported
service/bed-bug-removal,imported
bed-bug-inspection-2,imported
termite-treatment-cost,imported
integrated-pest-management-benefits,imported
how-to-tell-the-difference-between-a-bed-bug-bite-and-a-flea-bite,imported
using-cimexa-dust-for-bed-bugs-how-it-works-tips-and-best-practices,imported
do-it-yourself-how-to-build-a-homemade-flea-trap,imported
do-essential-oils-work-in-pest-control,imported
why-are-roaches-so-hard-to-get-rid-of,imported
mosquito-eaters-animals-and-insects-that-help-control-mosquito-populations-naturally,imported
how-to-prepare-for-home-inspection,imported
how-to-get-rid-of-ants-in-kitchen,imported
how-to-get-rid-of-bed-bugs-fast,imported
bed-bug-preparation-instructions,imported
flea-treatment-preparation-instructions,imported
german-roach-preparation-instructions,imported
professional-disinfectant-sanitization-services,imported
jenks-pest-control,imported
broken-arrow-pest-control,imported
glenpool-pest-control,imported
catoosa-pest-control,imported
coweta-pest-control,imported
bixby-pest-control,imported